{
  "expo": {
    "name": "MeuProjeto",
    "slug": "meu-projeto",
    "version": "1.0.0",
    "orientation": "portrait",
    "icon": "./assets/icon.png",
    "userInterfaceStyle": "automatic",
    "splash": {
      "image": "./assets/splash.png",
      "resizeMode": "contain",
      "backgroundColor": "#ffffff"
    },
    "updates": {
      "fallbackToCacheTimeout": 0
    },
    "assetBundlePatterns": [
      "**/*"
    ],
    "ios": {
      "supportsTablet": true
    },
    "android": {
      "adaptiveIcon": {
        "foregroundImage": "./assets/adaptive-icon.png",
        "backgroundColor": "#ffffff"
      },
      "package": "com.seuprojeto.meuapp"
    },
    "web": {
      "favicon": "./assets/favicon.png"
    },
    "cli": {
      "version": ">= 8.0.0"
    },
    "build": {
      "development": {
        "developmentClient": true,
        "distribution": "internal"
      },
      "preview": {
        "distribution": "internal"
      },
      "production": {}
    },
    "submit": {
      "production": {}
    }
  }
}
